topic,"VW and Environmental Ethics"
url,http://localhost/4anfsauat2
voters,69
voters-in-conv,68
commenters,42
comments,125
groups,4
conversation-description,"Goal:

This conversation explores the ethical dimensions of managerial decision-making in environmental compliance, using Volkswagen's emissions scandal as a case study. 

We'll examine what moral principles should guide corporate managers when facing conflicts between environmental regulations, market pressures, and stakeholder interests.



Background:

In 2015, Volkswagen admitted to installing 'defeat devices' in 11 million diesel vehicles worldwide. These devices could detect when vehicles were being emissions tested, changing the engine's performance to meet standards. During normal driving, however, the vehicles emitted up to 40 times the permitted levels of nitrogen oxides (NOx).



Key context:

VW managers discovered their diesel engines couldn't meet emissions standards while maintaining promised performance and fuel efficiency.

Instead of redesigning the engines or missing targets, they approved the use of software to deceive regulators.

The company had marketed these vehicles as 'clean diesel,' promising both environmental responsibility and high performance.

The deception continued for years before being discovered by independent researchers.

The scandal resulted in billions in fines, criminal charges for executives, and significant environmental harm.




This conversation:

Our discussion will focus on the ethical decisions faced by VW managers when they learned about the emissions compliance problems. Through this case, we'll explore broader questions about corporate environmental responsibility, managerial ethics, and the moral foundations of business's obligations to the environment."